phrasal	meaning	significado	phrase	frase
add up		somar; resultar; aumentar gradualmente; equivaler; fazer sentido; indicar	Two wrongs don't add up to a right.	Dois erros não resultam em um acerto.
add up		resultar	All my hard work added up to little improvement in that area.	Todo o meu duro esforço resultou em poucas melhoras nesta área.
add up		aumentar gradualmente	Small improvements add up. That is the essence of the Kaizen method.	Pequenas melhoras aumentam gradualmente. Essa é a essência do método Kaizen.
add up		equivaler	Does this add up to what I owe you?	Isso equivale ao que eu lhe devo?
add up		fazer sentido	her story just doesn't add up	a história dela simplesmente não faz sentido.
add up		indicar	Everything adds up to his having gone out at night.	Tudo indica que ele tinha saido de noite.
ask for		solicitar algo	I asked for that report days ago!	Eu pedi esse relatório há dias!
ask for		convidar	Janet asked us for dinner.	Janet nos convidou para o jantar.
ask to		convidar	Janet asked us to a party Friday evening	Janet nos convidou para uma festa sexta-feira à noite.
ask out		convidar alguém para sair	He asked me out for coffee	Ele me chamou para um café.
back down		recuar durante uma discussão	I never back down when I know I'm right.	Eu nunca recuo quando sei que estou certa.
back off		se afastar física ou emocionalmente; deixar alguém em paz	The police told them to back off from the crime scene.	A polícia disse para eles se afastarem da cena do crime.
back off		deixar alguém em paz	Back off! There’s no need to yell at me.	Me deixe em paz! Não precisa gritar comigo.
back up		apoiar alguém ou uma ideia; dar suporte	I need you to back me up in this job.	Eu preciso que você me dê suporte neste trabalho.
back up		dar suporte	his mother backed him up on everything	a mãe dele o apoiou em tudo.
backup		copia de segurança		
bail out		resgatar, especialmente financeiramente	They were counting on an inheritance to bail them out.	Eles estavam contando com uma herança para resgatá-los.
bail out		Desistir de algo, abandonar a responsabilidade	The company was not doing well, so John decided to bail out while he could still find another job .	A empresa não estava indo bem, então John decidiu abandonar enquanto ainda conseguia encontrar outro emprego.
bail out		pular de um avião em voo usando paraquedas	When the second engine sputtered, the pilot decided to bail out.	Quando o segundo motor estalou, o piloto decidiu pular.
bail out		pagar fiança	I had to spend the weekend in jail because I had nobody to bail me out.	Tive de passar o fim-de-semana na prisão porque não tinha ninguém para me pagar fiança.
bail out		esvaziar água acumulada de um barco	Would you bail this boat out? I will bail out the boat.	Você salvaria este barco? Eu irei tirar a água do barco.
bail out		resgatar ou socorrer alguém em grande dificuldade	I was going to be late with my report, but my roommate lent a hand and bailed me out at the last minute.	Ia atrasar-me com o meu relatório, mas o meu colega de quarto deu-me uma mão e me socorreu no último minuto.
bail out		remover a água de um local indesejado, normalmente usando um balde.	After all that rain, my dad and I have been bailing out our basement all day.	Depois de toda aquela chuva, o meu pai e eu temos tirado a água do nosso porão o dia todo.
bargain for		levar em conta, tomar em conta	We hadn't bargained for there being so much traffic, and we missed the plane.	
bear out		confirmar uma verdade	The research bears him out	A pesquisa o confirma.
bear out		confirmar uma verdade	The research bears this claim out.	A pesquisa confirma essa afirmação.
bear out		confirmar uma verdade	The police investigations didn't bear out the victim's claims.	As investigações policiais não confirmaram as alegações da vítima.
bear out		confirmar uma verdade	This bears it out.	Isto confirma tudo.
bear out		confirmar uma verdade	It bears this out.	Isso confirma isso.
block off		obstruir	We had to block off that section of the restaurant for a private party.	Tivemos que bloquear essa seção do restaurante para uma festa privada.
blow up		explodir	Terrorists blew up the embassy.	Terroristas explodiram a embaixada.
blow up		encher de ar	Would you help me blow up these balloons?	Me ajude a encher estes balões?
blow up		explodir ou destruir por explosão	They plan to blow up that old apartment building.	Eles planejam explodir aquele antigo prédio.
blow up		se tornar muito popular, geralmente de repente.		
blow up		exagerar	I hope no one blows the story up.	Espero que ninguém exagere na história.
blow up		inchar	How big can you blow this picture up?	Quão grande você pode expandir essa imagem?
blow up		despencar ou cair em ruínas	The whole project blew up.	Todo o projeto ficou em ruínas.
blowup		uma discussão ou briga intensa	Our neighbors had a real blowup last night	Os nossos vizinhos tiveram uma verdadeira discussão intensa ontem à noite.
blowup		falha ou colapso	The blowup of the management team was another big setback for the fledgling company.	O desmanche da equipe de gestão foi outro grande revés para a nova empresa.
break down		perder o controle emocional; ficar triste	He broke down in tears after reading the news. 	Ele desabou em lágrimas depois de ler as notícias.
break down		ficar triste		
break in		arrombar; invadir	Peter knows who broke into his house last week. 	Peter sabe quem invadiu sua casa semana passada.
break off		parar de fazer algo	She broke off their conversation to answer her mobile phone.	Ela interrompeu a conversa deles para atender o celular dela.
break off		terminar um relacionamento		
break out		quando uma guerra ou doença inicia	Fighting has broken out on the southern border of the country	
break out		escapar, especialmente forçosamente		
break up		terminar um relacionamento; interromper uma briga	Everybody knew that Stela and John would eventually break up.	Todo mundo sabia que Stela e John iam acabar terminando o namoro.
break up		terminar relacionamento	They broke up after a three-year relationship.	Eles terminaram depois de um relacionamento de 3 anos.
break up		chegar a um fim	The meething broke up in confusion.	
break up		quebrar ou separar em pedaços		
bring about		fazer acontecer	The digital revolution has brought about profound changes in our society.	A revolução digital trouxe mudanças profundas na nossa sociedade.
bring about		fazer acontecer		
bring along		levar algo para um certo lugar		
bring back		retornar algo		
bring down		reduzir		
bring in		mover algo para dentro		
bring off		ter sucesso em algo	The team tried for years to win the competition and they finally brought it off.	
bring on		causar o início de uma doença	Tom claimed that the dusty room had brought on a severe attack of asthma.	
bring on		causar um problema para	I sympathize with your problem, but really, you brought it on yourself	
bring out		publicar, lançar	David is bringing out a new DVD next summer.	
bring round		persuadir alguém a concordar	I argued with her all day, but couldn't bring her round to my point of view.	
bring up		mencionar	I'd like to bring up another matter, if I may.	
bring up		subir		
bring upon		causar um problema para		
build up		aumentar em tamanho	Tension between the rival groups has built up over the past few weeks.	
build up		fortalecer, tonificar		
burn down		queimar algo até a destruição	Over 100 buildings were burned down.	Mais de 100 casas foram totalmente queimadas.
burn down		desmoronar uma estrutura, destruir completamente		
call back		retornar uma ligação telefônica	he was one of only twelve applicants to receive a callback	
call for		exigir, requerer	desperate times call for desperate measures	tempos desesperadores requerem medidas desesperadoras
call in		chamar alguém para ajudar a resolver algo	the bank would call in loans and foreign donations	o banco solicitaria empréstimos e doações estrangeiras
call in		telefonar para o local onde você trabalha	She hasn't called in with her schedule yet.	Ela ainda não ligou com a agenda.
call in		pedir que alguém venha até você	Local police called in the FBI to assist with the investigation.	A polícia local chamou o FBI para ajudar na investigação.
call in		exigir o pagamento de um empréstimo ou promessa de dinheiro.	the bank would call in loans and foreign donations	o banco pediria empréstimos e doações estrangeiras
call off		cancelar um evento	The picnic was called off due to the rain.	O piquenique foi cancelado por causa da chuva.
call off		cancelar	the game was called off because of rain	
call out		gritar algo para chamar a atenção de alguém	the police were constantly called out for emergencies	
call out		convocar alguém para lidar com uma emergência ou prestar um serviço.	the police were constantly called out for emergencies	a polícia foi constantemente chamada para emergencies
call out		criticando, chamar a atenção para as ações ou comportamentos inaceitáveis de alguém.	people were calling him out for his negative comments	as pessoas estavam criticando-o por seus comentários negativos
call out		criticar alguém ou pedir-lhes para explicar suas ações	If he did anything wrong, I'd be the first to call him out on it.	Se ele fizesse algo de errado, eu seria o primeiro a chamá-lo para dar explicações.
call out		uma ocasião em que alguém é convidado a ir à casa de uma pessoa ou a um lugar específico para fazer um trabalho, ajudar alguém, etc	Many plumbers charge double for an emergency call-out over the weekend.	Muitos encanadores cobram o dobro por uma chamada de emergência no fim de semana.
call out		um pequeno texto, às vezes impresso em uma caixa, que fornece informações sobre parte de um desenho impresso, fotografia, documento, etc.	Publishers use call-outs to give emphasis to an important fact or quote.	Os editores usam quadrados para dar ênfase a um fato ou citação importante.
call out		pedir para alguém vir		
call up		telefonar	I have a list of people to call up in the morning	
call up		ordenar que alguém se junte às forças armadas ou comece a participar de uma operação militar	He was called up at the beginning of the war.	Ele foi convocado no início da guerra.
call up		chamada para serviço militar	A week after the war started, Jim was called up.	
calm down		acalmar-se ou acalmar alguém	You need to calm down, everything is gonna be ok.	Você precisa se acalmar, vai ficar tudo bem.
carry away		deixar-se levar; empolgar-se; ir longe demais	He was carried away by success.	Ele se deixou levar pelo sucesso.
carry away		entusiasmar-se, deixar-se levar	There's far too much food - I'm afraid I got a bit carried away.	Tem comida demais, acho que me empolguei um pouco.
carry off		terminar com sucesso talvez apesar de um problema	Jane had a difficult role to play, but she carried it off.	Jane teve um papel difícil de desempenhar, mas ela o cumpriu.
carry on		seguir em frente	Louise had to carry on after her father died.	Louise precisou seguir em frente depois que seu pai morreu.
carry on		continuar ou proceder como antes		
carry out		terminar um plano	Please make sure you carry out these instructions.	
carry over		transferir algo para um ponto posterior no tempo		
catch on		se tornar popular	Camera phones have really caught on lately.	
catch up		recuperar ou ficar em dia com algo; atualizar-se	What about a lunch do catch up?	Que tal um almoço para colocar as novidades em dia?
catch up		acompanhar	He was off school for a while and is finding it hard to catch up.	Ele ficou fora da escola por um tempo e agora está tendo dificuldade de acompanhar as aulas.
catch up		alcançar	a country trying to catch up with the developed world	um país tentando alcançar o mundo desenvolvido
check in		fazer o registro em um hotel ou voo; acompanhado da preposição on, pode significar checar, ver se está tudo certo	I will check in on you later.	Vou checar se está tudo bem com você mais tarde.
check out		fazer o registro de saída; dar uma olhada em algo	Check out that guy's clothes.	Dá uma olhada nas roupas daquele cara.
check out		confirmar e pagar por bens e serviços		
cheer up		se tornar feliz		
chicken out		dar para trás; ficar com medo; acovardar-se	She chickened out when she knew the trip would take 3 days.	Ela deu para trás quando soube que a viagem duraria 3 dias.
come about		acontecer	Many positive changes have come about as a result of his efforts.	
come across		deparar-se com algo; passar a impressão	I came across some great books in Tom's house.	Eu me deparei com uns livros ótimos na casa do Tom.
come across		encontrar por acidente		
come along		acompanhar, fazer companhia		
come apart		quebrar, separar		
come back		voltar	She came back from Brazil in May.	Ela voltou do Brasil em maio.
come down to		no fim ser uma questão de	In the end, this problem comes down to overpopulation.	
come in for		receber crítica, sendo culpado	The Government's proposals have come in for a great deal of criticism.	As propostas do Governo foram alvo de muitas críticas.
come into		herdar	Sarah came into 20 million when her grandfather died.	
come off		ter sucesso	Everyone is hoping that the new plan will come off.	
come on		progredir, desenvolver		
come out		aparecer, ser publicado	Her new book comes out next month.	
come over		afetar		
come through		sobreviver, suportar		
come up		quando um problema acontece	I'm going to be home late. Something has come up.	
come up		aproximar-se, ir em direção a		
come up against		encontrar uma dificuldade	We've come up against a bit of a problem.	
come up to		ser tão bom quanto esperado	The restaurant didn't come up to our expectations.	
come up to		igual, expectativas iguais, padrão igual	The play didn't come up to expectations.	
come up with		pensar em uma solução; sugerir algo	The governor needs to come up with a plan for this problem.	O governador precisa pensar em um plano para este problema.
come up with		pensar sobre, um plano, resposta, solução	We still haven't come up with a solution to teh problem.	
count on		confiar em	You can count on me for support at the meeting.	
crack up		rir muito		
crop up		acontecer, aparecer inesperadamente	The same names kept cropping up during the investigation.	
cut back		cortar; economizar; reduzir; evitar o consumo de algo prejudicial à saúde	I'm trying to cut back on sugar because I want to lose weight.	Estou tentando evitar açúcar porque quero perder peso.
cut down		reduzir uma atividade ou consumo de algo	Peter needs to cut down on shopping.	Peter precisa reduzir as compras.
cut down		reduzir	We can't cut pollution down to zero.	Não podemos reduzir a poluição a zero.
cut down		derrubar,cortar	They cut down all the trees.	Eles cortaram todas as árvores.
cut down		derrubar, cortar para derrubar		
cut off		cortar, tanto no sentido literal quanto no figurado, como cortar alguém no trânsito ou cortar alguém que está falando; interromper um serviço	He always cuts me off when I'm talking.	Ele sempre me interrompe quando estou falando.
cut off		interromper	to cut off the city's water supply	interromper o abastecimento de água da cidade
cut off		isolar	At high tide the island is cut off from the mainland.	Com a maré alta, a ilha fica isolada do continente.
cut off		parar de fornecer fundos para alguém		
cut out		remover, omitir		
cut through		pegar um atalho		
cut up		cortar em pedaços pequenos, separar em partes		
do away with		abolir	The school decided to do away with uniform, and let pupils wear whatever they liked.	
do up		decorar um local	We are having our living room done up.	
draw up		preparar um plano ou documento	The lawyers are drawing up the contract.	
draw up		parar	Two police cars drew up outside the door.	
dress up		vestir-se bem; fantasiar-se	She told us we need to dress up for the ceremony.	Ela nos disse que precisamos nos arrumar bem para a cerimônia.
drink up		beber toda a bebida		
drop by		aparecer para uma visita rápida, dar uma passada	Please, drop by the post office and send grandma a letter.	Por favor, dê uma passada no correio e mande uma carta para a vovó.
drop in		visitar	Do drop in if you're in the area.	
drop in		fazer uma visita	Drop in any time you're passing.	
drop off		cair no sono	Several people at the back of the hall had dropped off and were snoring.	
drop out		largar uma atividade; cair	My brother dropped out of college because he had to work.	Meu irmão largou a faculdade porque ele precisava trabalhar.
eat up		comer tudo; consumir	Please, eat up your vegetables.	Por favor, coma todos os vegetais.
end up		terminar num certo modo ou lugar	We missed the bus and had to walk, and ended up getting home at 4 am	
face up to		ter coragem de lidar com responsabilidades	You have to face up to your responsibilities.	
fall about		mostrar divertimento, especialmente rindo	Everyone fell about when Jane told her joke.	
fall apart		desmoronar, no sentido literal ou figurado	Tina's marriage is falling apart.	O casamento da Tina está desmoronando.
fall back on		usar depois que tudo mais falhou	His father persuaded him to finish college so he would have something to fall back on.	
fall back on		usar como último recurso	If the worst comes to the worst, we've got our savings to fall back on.	
fall down		cair no chão, colapsar		
fall for		apaixonar-se	Kate has fallen for George's brother.	
fall for		ser enganado	Harry fell for the oldest trick in the world.	
fall for		ser enganado	It was an unlikely story but he fell for it.	
fall in		colapsar		
fall out		brigar com	Paul and Jim have fallen out again.	
fall out with		discutir com	Peter has fallen out with his boss.	
fall through		quando um plano ou arranjo fracassa	We thought we had agreed to buy the house, but the deal fell through.	
fall through		fracassar ao tentar completar	The plan fell through at the last minute.	
feel up to		se sentir capaz de fazer	Old Mr Smith didn't feel up to walking all that way.	
figure out		entender	After her phone call, I figured out what has happened.	Depois do telefonema dela, entendi o que tinha acontecido.
fill in		preencher	Would you please fill in the application form?	Você pode, por favor, preencher o formulário de solicitação?
fill out		preencher o formulário		
fill up		encher; abastecer	I need to go to the gas station to fill up my car.	Eu preciso ir ao posto de gasolina abastecer meu carro.
fill up		preencher o tanque do veículo com combustível		
find out		descobrir	How did Isabel find out that John was cheating on her?	Como Isabel descobriu que John a estava traindo?
find out		descobrir	She found out the truth when she read the message.	Ela descobriu a verdade quando leu a mensagem.
find out		descobrir, explorar, encontrar		
fit in with		ser incluído num plano	I'm afraid your suggestion doesn't fit in with my plans.	
fix up		reparar, reformar		
follow up		acompanhar algo; retomar um assunto; dar continuidade	I called the police about that noise, but they didn't follow up.	Eu liguei para a polícia a respeito do barulho, mas eles não deram continuidade.
follow up		agir de acordo com uma sugestão	Thanks for the information about that book. I'll follow it up.	
follow up		fazer algo a mais em adição algo que já foi feito; tomar mais medidas	We'll follow up this lesson next week.	
get across		fazer os outros entenderem	Chris has some great ideas, but can't always get them across.	
get across		ser entendido, entender uma ideia	I had the feeling I wasn't getting the meaning across.	
get along		se dar bem com alguém	Janet and I get along very well.	Janet e eu nos damos muito bem.
get along		dar-se bem ou mal, com alguém	My cousins and I get along pretty well.	Meus primos e eu nos damos muito bem.
get along with		dar-se com alguém	they seem to get along pretty well	eles parecem se dar muito bem
get around		viajar; persuadir	you're not getting around me that easily	
get around to		encontrar tempo para fazer	I'll try and get around to writing some letters later.	
get at		alcançar; insinuar; pegar no pé	it's difficult to get at the screws	é difícil alcançar os parafusos
get at		sugerir um sentido	What exactly are you getting at? I don't understand.	
get at		implicar algo	I can see what you're getting at	Eu posso ver onde você está chegando
get at		implicar sobre assuntos pessoais	What are you getting at exactly?	O que você quer dizer exatamente?
get away		afastar-se; sair de perto	You need to get away from this guy.	Você precisa sair de perto desse cara.
get away		escapar	The thief got away before the cops arrived.	O ladrão escapou antes de os policiais chegarem.
get away		escapar, fugir; sair de férias	Stevie was caught, but the rest of us got away	
get away with		escapar de algo sem ser punido; virar-se, safar-se	No one insults my family and gets away with it	
get back		voltar; pegar de volta	What time will mom get back?	A que horas a mãe vai voltar?
get back		voltar, retornar	Let's get back to the subject at hand.	
get back		retornar para onde veio		
get back at		se vingar	He is trying to get back at her.	Ele está tentando se vingar dela.
get down		abater, desencorajar, fatigar		
get down to		iniciar um negócio seriamente	It's time you got down to some serious work.	
get down to		começar a lidar seriamente com	It's time we got down to some real work.	
get down to		se concentrar	It's time we got down to some real work.	
get in		entrar em algum lugar	Get in the car right now!	Entre no carro imediatamente!
get in		chegar em casa; no trabalho	the train got in late	
get in		ter sucesso em dizer algo, muitas vezes em uma situação em que outras pessoas falam muito	She tried to get her suggestion in at the start of the meeting.	Ela tentou obter sua sugestão no início da reunião.
get in		pedir a uma pessoa treinada para vir a sua casa para fazer algum trabalho remunerado	We'll have to get a plumber in to look at that water tank.	Teremos de arranjar um encanador para ver o tanque de água.
get in		entrar num local, ganhar acesso		
get into		entrar em um local; começar a curtir algo	I can't get into these shoes	
get off		sair; também usado como o contrário de get on	The driver made the boys get off the bus.	O motorista fez os meninos descerem do ônibus.
get off		descer	Get off the bus at the last stop.	Desça do ônibus na última parada.
get off		terminar um trabalho e ir embora	I don't get off for another three hours.	Não saio por mais três horas.
get off		escapar de ser punido	He got off with four months in prison.	Ele escapou com quatro meses na prisão.
get off		tirar as mãos de	Get off me, Jake, that hurts	Tire as mãos de mim, Jake, isso machuca
get off		sair, descer de ônibus, trem; sair do trabalho; escapar de punição, ser absolvido	she got off lightly	
get off		evitar uma punição	Terry was charged with murder, but her lawyers managed to get her off.	
get off		parar de tocar		
get off with		evitar punição	They were lucky to get off with such light sentences.	Eles foram sortudos em escapar de punição com tais sentenças tão leves.
get on		entrar, mas no sentido de subir, como em um barco, avião, trem ou bicicleta	They need to get on the bus now if they don't want to be late.	Eles precisam subir no ônibus agora se não quiserem se atrasar.
get on		entrar em ônibus, avião, trem; continuar fazendo algo; progredir em algo	how are you getting on?	
get on		progredir	How are you getting on in your new job?	
get on		progredir	Sue is getting on very well in her new job.	
get on		ser bem sucedido		
get on for		aproximar-se de um momento, idade ou número	It's getting on for six, so it's time we were going.	
get on for		aproximar-se de certa idade, tempo, número	He must be getting on for seventy.	
get on with		continuar, prosseguir com algo	Stop talking and get on with it	Pare de falar e vá em frente
get out		sair de um lugar; também usado como contrário de get in	I asked him to get out of my house.	Eu pedi para ele sair da minha casa.
get out		descer, sair de um veículo	I'll get out when you stop at the traffic lights.	Eu vou descer quando você parar no semáforo.
get out		sair	Get out of my house	Saia da minha casa
get out		ser revelado	If this news gets out there'll be trouble.	Se essas notícias forem reveladas, haverá problemas.
get out		sair de um lugar; escapar, fugir, tornar público algo que era secreto	news got out that we were coming	saiu a notícia de que estávamos chegando
get out		sair, deixar ou escapar		
get out of		livrar-se de, escapar de	He tried to get out of cleaning the car.	Ele tentou escapar de limpar o carro.
get out of		tirar informação de alguém	I finally got it out of him that he was in love with her.	Finalmente, consegui tirar dele que ele estava apaixonado por ela.
get out of		tirar vantagem de	I can't see what he gets out of their relationship.	Não consigo ver o que ele tira do relacionamento deles.
get out of		gostar de	The old lady gets a lot of pleasure out of watching the children.	A velha senhora gosta muito de olhar as crianças.
get over		superar	to get over an illness	superar uma doença
get over		superar, ultrapassar algo ou problema; superar experiência desagradável	the company is keen to get the idea over	a empresa está interessada em superar a ideia
get over		ser surpreendido	I couldn't get over how well she looked.	
get over with		Superar algo; encerrar algo	Get over with it and move on with your life.	Acabe com isso e siga sua vida em frente.
get over with		terminar, acabar uma tarefa	come on, let's get it over with	
get over with		terminar algo desagradável	I always try to get my homework over with as quickly as possible.	
get over with		chegar ao fim de algo, normalmente algo desagradável	I'll be glad to get this awful business over with.	
get round		encontrar tempo para fazer	I'll try and get round to writing some letters later.	
get round to		encontrar		
get up		acordar; levantar da cama; organizar	Every day I get up at the same time.	Todo dia eu acordo no mesmo horário.
get up		levantar-se; acordar	They get up at 6 every day.	Eles se levantam às 6 todos os dias.
get up		levantar-se	I got up and took a shower	
get up to		fazer algo que você não deveria fazer	What are the children getting up to in the garden?	
get up to		fazer algo, normalmente ruim quando se trata de criança	The children are getting up to something in the garden.	
get up to		fazer algo ruim, principalmente criança aprontando	What have you been getting up to lately?	O que você estava aprontando a pouco?
give away		divulgar; entregar; doar algo	My neighbors are giving away old clothes.	Meus vizinhos estão doando roupas velhas.
give away		dar, distribuir	The grocery store gave away food.	O supermercado distribuiu comida.
give away		revelar um segredo	Katie doesn't know yet, so don't give it away	Katie ainda não sabe, então não deixe escapar
give away		revelar informação; doar	I gave away all my books	
give away		revelar	I'm not giving away any secrets if I tell you this	
give away		trair		
give away		revelar algo ou fazer algo conhecido, muitas vezes acidentalmente; divulgar algo	His false identity papers gave him away.	
give away		ser traido	I tried to pass for a local resident, but my accent gave me away.	
give away		abandonar algo; dar algo de presente a outro	The store is giving away free samples of cheese.	
give back		devolver	Has she given you those books back yet?	
give back		retornar, restaurar		
give in		ceder; entregar algo	The prime minister said Britain would never give in, in this war.	O primeiro-ministro disse que a Grã-Bretanha não cederia, nesta guerra.
give in		ceder, aceitar	He nagged me so much for a new bike that eventually I gave in	Ele me importunou tanto por uma bicicleta nova que eventualmente eu cedi
give in		colapsar ou falir		
give in to		entregar, aceitar, ceder	The company said it would not give in to blackmail by the workforce.	A empresa disse que não cederia à chantagem da força de trabalho.
give off		exalar, liberar luz, cheiro, calor	The flowers gave off a fragrant perfume	
give off		exalar um cheiro	The cheese had begun to give off a strange smell.	
give off		emitir, produzir e enviar		
give onto		dar para porta, corredor, vistas de uma janela	a plate glass window gave onto the roof	
give out		distribuir; chegar ao fim; parar de funcionar	I've been giving out leaflets	
give out		quando uma máquina para de funcionar	The batteries are likely to give out soon.	As baterias provavelmente vão parar de funcionar em breve.
give out		se tornar exausto	When John's money gave out, he had to take another job.	
give out		estar exausto	When our money gave out we had to borrow some.	
give out		emitir, distribuir		
give over		devotar	The rest of the time was given over to playing cards.	
give over		abandonar	Why don't you give over! You're getting on my nerves.	
give over to		usa o tempo para um propósito particular	The afternoon is given over to sports activities.	A tarde é dedicada às atividades desportivas.
give up		desistir; parar de tentar; deixar de acreditar	I give up on finding an answer.	Eu desisti de achar uma resposta.
give up		desistir	We gave up traveling when we saw our account balance.	Desistimos de viajar quando vimos o saldo da nossa conta.
give up		desistir	he wasn't the kind of man to give up easily	
give up		se render	The escaped prisoner gave herself up.	
give up		acreditar estar morto ou perdido	After ten days the ship was given up for lost.	
give up		parar ou sair de uma atividade		
give up for		desistir de procurar quando dado como perdido ou morto	the dog had been given up for lost before he was found 200 miles away	o cachorro foi dado como perdido antes de ser encontrado a 320 quilômetros de distância
go about		fazer o que é normalmente feito	I'm not sure how to go about removing the old boiler.	
go after		ir atrás, perseguir	he went after the burglars	ele foi atrás dos ladrões
go against		ser contrário a algo; ir contra algo	he refused to go against the unions	ele se recusou a ir contra os sindicatos
go ahead		iniciar		
go along		participar, cooperar, estar conforme		
go around		mover ou espalhar		
go at		atacar; partir para cima; fazer algo com muito entusiasmo	the man went at him with a steel bar	o homem foi até ele com uma barra de aço
go away		partir, ir embora, sair de casa por um tempo	They're going away on vacation	
go away		partir ou deixar um lugar		
go back		retornar	the clocks went back last weekend	
go back on		quebrar uma promessa	People accused the government of going back on earlier promises.	
go back on		quebrar uma promessa	The management has gone back on its promise.	
go down		descer, navio afundar, avião cair	he saw eleven B-17s go down	ele viu onze B-17s caírem
go down		cair, cair no chão		
go for		ir atrás de algo, tentar conseguir/conquistar algo; gostar de determinado tipo de coisa ou pessoa; decidir, escolher	I wished that we had gone for plan B	Eu queria que tivéssemos ido para o plano B
go for		gostar ou admirar	I don't go for action movies or romances.	Eu não gosto de filmes de ação ou romance.
go for		escolher	He can't even count on all the voters who went for him the last time.	Ele nem pode contar com todos os eleitores que foram escolheram ele da última vez.
go for		tentar atingir, tentar conquistar	He'll be going for his third straight Olympic gold medal in the 200-meter dash.	Ele vai tentar sua terceira medalha de ouro olímpica consecutiva nos 200 metros.
go for		ir para um restaurante, bar, etc	Do you want to go for a coffee?	Quer ir tomar um café?
go for		vendido por uma quantidade de dinheiro	The painting is expected to go for at least a million dollars.	Espera-se que a pintura seja vendida por pelo menos um milhão de dólares.
go for		tentar ter ou alcançar algo	She tripped me as I went for the ball.	Ela tropeçou em mim enquanto eu tentava alcançar a bola.
go for		vai de algo, escolhe algo	Instead of butter, I always go for margarine or a low-fat spread.	Em vez de manteiga, eu sempre vou de margarina ou uma propagação de baixo teor de gordura.
go for		atacar alguém	She went for him with a knife.	Ela atacou ele com uma faca
go for		aplica para alguém, vale para	What I said about Peter goes for you, too.	O que eu disse sobre o Peter também vale para ti.
go forward		progredir		
go in		entrar em um local; ficar escondido pelas nuvens, o sol ou a lua	I looked through the window, but I didn't actually go in	
go in for		ter hábito	Peter doesn't go in much for sport.	
go in for		entrar numa competição	Are you going in for the Advanced English Test this year?	
go in for		criar um hábito de	I don't go in for that kind of thing.	
go off		explodir; disparar, sair de um local	the pistol suddenly went off	
go off		disparar um alarme	The whole building had to evacuate because the smoke alarm went off.	
go off		partir, sair de um local	If you want Mom to get something for you, you better talk to her before she goes off to the store.	
go off		parar de funcionar	The power went off hours ago	
go off		acontecer	Considering all the problems we had beforehand, it's amazing that our party went off so well!	
go off		apodrecer, vencer, expirar validade	Don't eat those leftovers—they're a week old and have definitely gone off.	
go off		se tornar muito bravo ou hostil sem razão aparente	The boss just came into my office and went off on me for no apparent reason.	
go off		morrer	At Christmastime, I really miss the relatives who have gone off before us.	
go off		sair com alguém	Tom just now went off with Maggie.	
go off		quando a comida fica ruim	This fish smells awful. It must have gone off.	
go off		comida fica ruim	This milk has gone off.	
go off		explodir		
go on		continuar	She can't go on overprotecting her daughter.	Ela não pode continuar protegendo demais a filha.
go on		continuar; acontecer, ascender luz	the street lights went on	
go on		acontecer	There's something strange going on here	
go on		acontece algo negativo	Something funny is going on.	
go on		continuar		
go out		sair	They used to go out every weekend.	Eles costumavam sair todo fim de semana.
go out		sair para se divertir	a few minutes later the lights went out	
go out		sair de casa para ir para algum lugar		
go over		revisar ou examinar um documento; praticar; ir a algum lugar	Let's go over to the supermarket and buy some wine and cheese.	Vamos ao supermercado e comprar alguns vinhos e queijos.
go over		verificar algo cuidadosamente	I want to go over these plans with you again	
go round		ser o suficiente	Are there enough books to go round the class?	
go round		ser o suficiente	There weren't enough life-jackets to go round.	
go round		circular		
go through		atravessar	Once you go through this corridor, turn right.	Depois de passar por este corredor, vire à direita.
go through		passar por	All of my calls go through my secretary	Todas as minhas chamadas passam pela minha secretária.
go through		examinar minuciosamente	We need to go through these files with a fine-tooth comb to find that missing paperwork.	Precisamos examinar minuciosamente esses arquivos com um pente fino para encontrar a papelada que falta.
go through		seguir em frente com algo apesar das dificuldades	Are you sure you want to go through with this?	Tem certeza que deseja continuar com isto?
go through		ensaiar ou performar no palco	I went through the sonata in ten minutes	Ensaiei a sonata em dez minutos.
go through		executar do início ao fim uma peça, ensaio ou música	The violinist went through the sonata in 30 minutes.	O violinista tocou a sonata em 30 minutos.
go through		usar tudo, consumir tudo	The children went through all the milk we bought in one day.	As crianças consumiram todo o leite que compramos em um dia.
go through		esgotar, esvaziar, exaurir	Wow, the kids went through all those cupcakes already?	Uau, as crianças já consumiram todos esses cupcakes?
go through with		cumprir uma promessa ou plano	he bravely went through with the ceremony.	
go through with		cumprir uma promessa ou plano, normalmente indesejado	When it came to actually stealing the money, Nora couldn't go through with it.	Quando se tratou de realmente roubar o dinheiro, Nora não conseguiu prosseguir.
go through with		completar, finalizar, realizar	They got engaged last year, but I'm not sure they'll go through with the wedding.	Eles ficaram noivos no ano passado, mas não sei se vão ir adiante com o casamento.
go through with		terminar ou ir adiante com algo especialmente algo difícil	I decided not to go through with the surgery after I discovered how dangerous it was.	Decidi não passar pela cirurgia depois de descobrir o quão perigosa era.
go together		harmonizar ou ser compatível		
go towards		ser uma contribuição, contribuir		
go up		subir, explodir, pegar fogo	last night two factories went up in flames	
go with		combinar com roupas, sapatos, ter um relacionamento	he goes with other women	
go without		gerenciar ou conduzir ou se virar sem alguma coisa	We had to go without water for a week after a pipe burst.	
grow on		quando alguém começa a gostar de algo	I didn't like this book at first, but it is growing on me.	
grow on		se tornar mais provável	This new record is growing on me.	
grow up		crescer	Your son is growing up so fast!	Seu filho está crescendo tão rápido!
hang around		gastar tempo sem fazer nada	There were several teenagers hanging around at the end of the street.	
hang on		espere um momento		
hang onto		manter	I'm going to hang onto this painting.	
hang onto		manter	I think we should hang onto the car until next year.	
hang out		frequentar um lugar; sair com amigos	I work a lot and can't hang out with my friends.	Eu trabalho muito e não posso sair com meus amigos.
hang out		gastar tempo sem fazer nada em particular		
hang up		desligar o telefone	I have something to tell you, please don't hang up.	Eu tenho uma coisa para te contar, por favor não desligue.
have got it in for		ser propositalmente cruel com alguém	My boss is always telling me off. He's got it in for me.	Meu chefe está sempre me repreendendo. Ele é cruel comigo.
have got it in for		ser rude de forma proposital	my teacher has got it in for me.	
have it in for		ser rude de forma proposital	my teacher has it in for me.	
have it out with		expressar sentimentos para resolver um problema	I put up with the problem for a while but in the end I had it out with her.	
have on		enganar	I don't believe you. You're having me on.	
hit it off		se dar bem com alguém	I don't really hit it off with my new neighbour.	
hit it off		se dar bem com	Mark and Sarah really hit it off at the party.	
hit on		encontrar por acaso, ter uma ideia	We hit on the answer to the problem completely by chance.	
hit on		descobrir uma solução por acaso	They hit on the solution quite by chance.	
hit upon		encontrar por acaso, ter uma ideia	We hit upon the answer to the problem completely by chance.	
hit upon		descobrir por acaso	They hit upon the solution quite by chance.	
hold off		adiar algo; manter alguém afastado	We should hold off making decisions now.	Nós devemos adiar tomar decisões agora.
hold off		parar ou segurar um ataque; evitar uma derrota	How much longer will the resistance fighters be able to hold off the enemy?	Quanto tempo mais os combatentes da resistência serão capazes de segurar o inimigo?
hold off		resistir um ataque ou desafio	he held off a late challenge to win by thirteen seconds	ele segurou um desafio tardio para vencer por treze segundos
hold off		manter um atacante, força de um ataque a distância	holding off a tremendous challenge	segurando um tremendo desafio
hold off		esperar um tempo antes de fazer algo	Let's hold off placing the order until we've got more information.	Vamos adiar a encomenda até termos mais informações.
hold on		aguentar; segurar firme; esperar	Hold on a minute, he'll be right back.	Espere um minuto, ele já volta.
hold on		aguardar	Hold on a second, please. I'll be right back!	Aguarde um segundo, por favor. Eu já volto.
hold on		manter, guardar algo para alguém		
hold out		oferecer, especialmente com esperança	We don't hold out much hope that the price will fall.	
hold out		sobreviver, suportar		
hold up		atraso,tardar	Sorry I'm late, I was held up in the traffic.	
hold up		esperar ou aguardar		
hold with		concordar com	I don't hold with the idea of people borrowing more than they can afford.	
hold with		concordar com	I don't hold with the idea of using force.	
impose on		forçar a pessoa a aceitar algo	It's wrong that some people should impose their viewpoint on everyone else.	
keep away		prevenir de vir		
keep to		manter o que foi prometido ou acordado	Make sure you keep to the deadline.	
keep to		permancer numa rota, estrada, etc	It's best to keep to the paths.	
keep to		manter algo para você mesmo, não contar a ninguém	I'd appreciate it if you kept it to yourself.	
keep up		continuar	Well done! Keep up the good work!	
keep up		ficar empatado ou a frente		
kick off		iniciar, lançamento		
kick out		parar, emperrar, ou desconectar repentinamente		
knock out		exausto		
lay down		colocar algo sobre uma superfície; repousar; desarmar-se	Lay down your weapons.	Abaixem suas armas.
lay down		declarar uma regra formal	In the constitution it is laid down that all accused are innocent until proved guilty.	
lay down		declare uma regra	The company has laid down strict procedures for this kind of situation.	
lay down		colocar algo para baixo ou parar de usá-lo		
lay off		demitir alguém; parar com alguma coisa; deixar em paz	My father was laid off last month.	Meu pai foi demitido mês passado.
let down		decepcionar alguém; desanimar; soltar algo para baixo	I can't let my son down.	Eu não posso decepcionar meu filho.
let down		desapontar	Jim was supposed to help me yesterday, but he let me down.	
let down		desapontar, quebrar uma promessa	Sorry to let you down, but I can't give you a lift today.	
let down		permitir descer		
let in on		dizer a alguém um segredo	Don't let Helen in on any secrets, because she'll tell everyone.	
let in on		permitir fazer parte de um segredo	We haven't let Tina in on the plans yet.	
let off		não punir	Luckily the police let Maria off with a warning, and didn't give her a fine.	
let off		escapar de punição	As Dave was young, the judge let him off with a fine.	
let on		contar um segredo	Don't let on that I told you about Mike's surprise party.	
let on		informar sobre um segredo	We're planning a surprise for Helen, but don't let on.	
let out		liberar		
let out		divulgar		
live down		sofrer uma perda de reputação	If Castle lose, they'll never live it down.	
live up to		alcançar um padrão esperado	My holiday in China certainly lived up to my expectations. It was fantastic.	
live up to		alcançar um padrão de esperado	The play quite lived up to my expectations.	
look after		tomar conta; cuidar	She'll help me look after my mom.	Ela vai me ajudar a cuidar da minha mãe.
look after		cuidar; tomar conta	We look after the neighbours' cat while they're away.	Cuidamos do gato dos vizinhos enquanto eles estão fora.
look after		vigiar ou proteger		
look around		pesquisar um local		
look at		olhar para, considerando, estudando, pensando sobre	The company is looking at ways to reduce waste.	A empresa está buscando maneiras de reduzir o desperdício.
look at		considerar		
look down on		menosprezar, desfazer-se de alguém, considerar inferior, olhar com superioridade	She looks down on her husband's relations.	Ela despreza os parentes do marido.
look for		procurar	He's been looking for his car keys for over an hour!	Ele tem estado a procurar as chaves do carro por mais de uma hora!
look for		procurar	I've been looking for that book everywhere.	Estou procurando esse livro em todos os lugares.
look for		pesquisar por, procurar		
look forward		aguardar ansiosamente	We are looking forward to meeting you.	Estamos ansiosos por encontrar você.
look forward to (something)		aguardar ansiosamente por algo	I'm really looking forward to seeing you again.	Estou muito ansioso para te ver outra vez.
look into		investigar, examinar, analisar	He asked his lawyer to look into the matter.	Ele pediu a seu advogado para examinar o assunto.
look into		investigar	The airline is looking into my complaint about my missing baggage.	
look into		investigar	The police have promised to look into the problem.	
look into		investigar, explorar, considerar		
look on		considerar	George looked on his new job as an opportunity to prove himself.	
look on		considerar	We look on this town as our real home.	
look out		ficar alerta; tomar cuidado	Look out for snakes in the park.	Cuidado com as cobras no parque.
look out		cuidado!	Look out! There's a car coming!	Olhe! Tem um carro chegando!
look out		olhar de dentro para fora		
look over		examinar, inspecionar	She asked a friend to look over her paper.	Ela pediu a uma amiga para dar uma olhada em seu trabalho.
look up		pesquisar; melhorar	I don't know how to write it, let's look it up in the dictionary.	Eu não sei como escrever isso, vamos procurar no dicionário.
look up		melhorar	In the finance sector things are looking up.	No setor financeiro, as coisas estão melhorando.
look up		pesquisar	I looked up solar power on the Internet to find out more about it.	Procurei energia solar na internet para saber mais sobre isso.
look up		visitar	Look me up the next time you're in Los Angeles.	Procure-me da próxima vez que fores a Los Angeles.
look up		procurar informação em livro, revista, dicionário	Look it up in a dictionary.	Procure em um dicionário.
look up		visitar	Why don't you look us up the next time you're in London.	
look up		melhorar	Since we won the lottery, things have definitely been looking up for us!	
look up		visitar quando está por perto	If you're passing through Athens, look me up.	
look up		ter melhores perspectivas, melhorar		
look up to		admirar	The students look up to good teachers.	Os alunos admiram bons professores.
look up to (somebody)		admirar, respeitar alguém	Be nice to him. He looks up to you.	Seja legal com ele. Ele admira você.
look upon		considerar	George looked upon his new job as an opportunity to prove himself.	
make after		perseguir		
make for		resultar em	The new stainless steel body makes for easier cleaning.	O novo corpo em aço inoxidável resulta em uma limpeza mais fácil.
make for		resultar em	The power steering makes for easier parking.	
make into		transformar	We made the spare room into an office.	Transformamos o quarto de hóspedes em um escritório.
make off		fugir, escapar, roubar	They made off with his cell phone and some cash.	Eles roubaram o telefone celular dele e um pouco de dinheiro.
make off with		roubar	While my back was turned, someone made off with my suitcase.	
make off with		fugir com	The thief made off with a valuable necklace.	
make out		entender, captar com dificuldade; preencher cheque	Could you make out what he said?	Você conseguiu entender o que ele disse?
make out		namorar	kids making out in their cars	jovens namorando em seus carros
make out		fingir, inventar	He made out that he was older than me.	Ele inventou que era mais velho que eu.
make out		fingir	When the security guard challenged him, the man made out that he was a customer.	
make out		conseguir ver, ouvir, entender, etc	I could just make out some writing across the top of the door.	Eu poderia apenas distinguir alguma coisa escrita no topo da porta.
make out		entender o comportamento de alguém	David is a strange boy! I just can't make him out!	David é um menino estranho! Eu simplesmente não consigo entendê-lo!
make out		fingir	Tim made out that he hadn't seen the No Smoking sign.	
make out		conseguir ver, ou conseguir entender	I couldn't quite make out what the notice said.	
make out		entender o comportamento de alguém	Janet is really odd. I can't make her out.	
make out		gerenciar, se dar bem		
make towards		seguir em direção à		
make up		criar; inventar; construir; fazer as pazes	He loves to make up stories.	Ele adora inventar histórias.
make up		inventar, criar uma história, explicação; maquiar; fazer as pazes	I put on a little eye make-up.	Coloquei um pouco de maquiagem na região dos olhos.
make up		maquiagem	She wears a lot of make-up.	Ela usa muita maquiagem.
make up		inventar	She made up some story about getting lost.	Ela inventou uma história sobre ter se perdido.
make up		constituir	Hispanics make up more than 50% of the population.	Hispânicos constituem mais de 50% da população.
make up		compensar	You have to make up the work you missed.	Você precisa compensar pelo trabalho que perdeu.
make up		fazer as pazes	I wish the two of them would just make up.	Eu queria que os dois fizessem as pazes.
make up		inventar	It turned out that Joe had made up the whole story, and wasn't a journalist at all.	
make up		inventar	I think you made up the whole story!	
make up		aplicar cosméticos ou maquiagem		
make up		compensar, preencher ou alcançar		
make up for		compensar	Joe's silver medal in the 200 metres made up for his disappointment in the 100 metres	
mess up		fazer uma bagunça		
miss out		perder chances de fazer algo que gosta	Some children miss out because their parents can't afford to pay for school trips.	
miss out		fracassar em incluir	You have missed out a word here.	
miss out		perder a chance	Five people got promoted, but I missed out again.	
move on		deixar um lugar para ir a outro lugar		
own up		admitir	When the teacher asked the class who had started the fire, Chris owned up.	
own up		confessar	None of the children would own up to breaking the window.	
pack in		parar	Sue decided to pack in her job and travel abroad for a while.	
pack in		parar uma atividade	John has packed in his job.	
pass away		morrer		
pass by		viajar sem paradas, passar sem parar		
pass off		acontecer		
pass out		distribuir		
pay back		se vingar	I'll pay him back for all the rude things he's said about me!	
pay back		se vingar	She paid him back for all his insults.	
pay off		valer a pena; pagar	I need more money to pay off my friend.	Eu preciso de mais dinheiro para pagar meu amigo.
pick out		distinguir		
pick up		buscar	He loves to pick up his grandson at school.	Ele adora buscar o neto dele na escola.
pick up		melhorar	A lot of people think that the economy is picking up again after a slack period.	
pick up		melhorar	The weather seems to be picking up.	
pick up		levantar, aguarrar e levantar		
pin down		forçar alguém a tomar uma decisão	He says he'll call round and do the job, but I can't pin him down to an exact date.	Ele diz que vai fazer uma visita e fazer o trabalho, mas não consigo definir uma data exata.
pin down		forçar a resposta de alguém	I asked Jim to name a suitable day, but I couldn't pin him down.	
pin down		prender ou fixar algo com pinos ou pregos	Pin the pattern down temporarily.	
pin down		determinar ou fixar uma data, um compromisso, uma decisão	It will be ready sometime next month. I can't pin the date down just yet, however. I can't pin down the exact date just now.	
pin down		forçar alguém a dar informações precisas ou a opinião dela	The reporter pinned down the governor on the issue of conservation measures.	O repórter tirou na insistência informações do governador sobre a questão das medidas de conservação.
pin down		tornar algo imóvel ou prendê-lo	 We pinned down the tarp with four heavy rocks.	Nós prendemos a lona com quatro pedras pesadas.
play up		agir mal	The washing machine is playing up again. It's making a horrible noise!	A máquina de lavar está funcionando mal novamente. Está fazendo um barulho horrendo!
play up		se comportar ou trabalhar mal	The car is playing up again. It won't start.	
point out		chamar a atenção para um fato	Can I point out that I did suggest that idea in the first place!	
point out		chamar a atenção para um fato	I pointed out that I would be on holiday anyway.	
pull away		siga em frente		
pull off		ter sucesso em algo; arrancar algo	It was very difficult, but she pulled it off in the end.	Foi muito difícil, mas ela conseguiu fazer no final
pull off		mover para o lado ou fora da estrada	there is no place to pull off in case of an accident	não há lugar para sair da estrada em caso de acidente
pull off		ter sucesso em alcançar ou ganhar algo difícil.	The central bank has pulled off one of the biggest financial rescues of recent years.	O banco central realizou um dos maiores resgates financeiros dos últimos anos.
pull off		quando um veículo começa a andar	The car pulled off and sped up the road.	O carro arrancou e acelerou na estrada.
pull off		conseguir fazer algo	United nearly won the match, but just failed to pull it off.	O United quase venceu a partida, mas simplesmente falhou ao tentar conseguir.
pull off		conseguir ter sucesso	It was a tricky plan, but we pulled it off.	
pull over		vir a parar, e sair da rodovia		
pull up		levantar		
push on		continuar fazendo algo	I don't think we should wait here. Let's push on and try to get there tonight.	
push on		continuar com algum esforço	Let's push on and try to reach the coast by tonight.	
put across		explicar uma ideia	I can understand you, but can you put these ideas across to the general public?	Posso entender você, mas você pode transmitir essas ideias ao público em geral?
put across		comunicar ideias	Harry is clever but he can't put his ideas across.	
put aside		ignorar algo; guardar, economizar dinheiro, colocar de lado	He could not put aside his thoughts of revenge.	Ele não conseguia colocar suas ideias de vingança de lado.
put away		guardar, pôr no lugar	Can you put away the dishes, please?	Você pode guardar a louça?
put away		colocar para fora do caminho, limpar		
put down		humilhar, colocar para baixo; comentário maldoso	One of the big put-downs of the presidential election campaign was the comment...	Um das grandes humilhações da campanha eleitoral presidencial foi o comentário...
put down		por, colocar	Put the groceries down on the table.	Ponha as compras na mesa.
put down		anotar, escrever	She put her name down on the list.	Ela anotou seu nome na lista
put down		pagar	We put down a 20% deposit on the house.	Pagamos um depósito de 20% na casa.
put down		sacrificar	The horse broke its leg and had to be put down.	O cavalo quebrou a perna e teve que ser sacrificado.
put down		explicar a causa de algo	The team's poor performance was put down to insufficient training.	A performance fraca da equipe foi atribuída ao treinamento insuficiente.
put down		insultar, menosprezar, humilhar		
put down		escrever		
put down to		explicar a causa	Diane's poor performance was put down to nerves.	A fraca performance de Diane foi atribuída ao nervosismo.
put down to		explicar algo como sendo causado por outra coisa	I put his bad humor down to his illness.	Eu explico a causa do mau humor dele como sendo a doença.
put forward		propor para consideração		
put in for		se candidatar	Mark has put in for the post of assistant director.	
put in for		se candidatar a um trabalho	Sue has put in for a teaching job.	
put off		adiar	You can't keep putting off doing the taxes.	Você não pode ficar adiando seus impostos.
put off		adiar	I think I'll put college off for a year.	Acho que vou adiar a faculdade por um ano.
put off		desencorajar, chateado	I can't sing if people stare at me. It puts me off.	
put off		desencorajou, estressou	The crowd put the gymnast off, and he fell.	
put on		vestir; calçar; passar na pele óleo, creme	He put on his red sneakers.	Ele calçou seus tênis vermelhos.
put on		vestir; calçar; por	Put the green earrings on.	Ponha os brincos.
put on		produzir	The school is putting on a play.	A escola está produzindo uma peça.
put on		simular, fingir	She puts on a great English accent.	Ela simula um ótimo sotaque britânico.
put on		enganar alguém	She's not 45 - you're putting me on	Ela não tem 45 - você está me enganando
put on weight		ganhar peso	He's put on a lot of weight.	Ele ganhou muito peso.
put out		pôr do lado de fora; apagar fogo do cigarro, incêndio	It took firefighters seven hours to put the fire out.	Os bombeiros precisaram de sete horas para apagar o incêndio.
put out		por, colocar; mover algo para um local de fácil acesso	Put the cereal and bowls out on the table.	Ponha o cereal e as tigelas na mesa.
put out		causar problemas	Sorry we can't come to dinner. I hope this doesn't put you out at all.	
put out		ter problemas ao tentar ajudar alguém	Please don't put yourself out making a meal. A sandwich will do.	Por favor não tenha problemas fazendo a comida. Um sanduíche serve.
put together		criar, organizar	The marketing group put together an amazing presentation.	O grupo de marketing criou uma apresentação incrível.
put together		preparar, montar, juntar as partes	The table comes in a box, and you put it together.	A mesa vem em uma caixa e você a monta.
put towards		fazer uma contribuição financeira		
put up		levantar, construir um prédio	They put up a fence along the border.	Eles levantaram uma cerca ao longo da fronteira.
put up		hospedar alguém	We offered to put them up for the night.	Nós nos oferecemos para hospedá-los durante a noite.
put up		deixar alguém em sua casa	Why don't you come and stay? We can easily put you up for a few days.	
put up		oferecer acomodação	We can put you up for a few days.	
put up with		tolerar, suportar	I can put up with the noise during the day, but not at night.	Eu aguento o barulho durante o dia, mas não à noite.
put up with		tolerar suportar	After a while the noise became so loud that Brian couldn't put up with it any longer.	
put up with		tolerar, suportar	I can't put up with all this noise!	
rip off		cobrar muito, enganar	250 a night in that hotel? You were ripped off!	
rip off		cobrar demais	You paid 50? They really ripped you off!	
run across		cruzar correndo		
run away		deixar a casa		
run down		criticar	Why do you keep running yourself down so much? You're fantastic!	
run down		criticar	She's always running down her husband.	
run down		perder força, permitir desistir	I think the batteries are running down.	
run down		caçar, perseguir, buscar	Could you run some information down for me?	
run down		colidir ou derrubar algo	The drunken driver ran three pedestrians down.	
run into		encontrar por acaso	You'll never guess who I ran into the other day! Your old friend Marianne.	
run into		encontrar-se, reunião	Guess who I ran into at the supermarket!	
run out		ficar sem algo que esgotou	We ran out of money and had to postpone the trip.	Ficamos sem dinheiro e tivemos que adiar a viagem.
run out		esgotar, consumir tudo de algo		
run over		atropelar; repassar um discurso	She was run over by a car.	Ela foi atropelada por um carro.
run over		verificar, explicar	Could you just run over the details again? I'm not sure I understand.	
run over		verificar tudo em algo	Let's run over the plan once more.	
run over		exceder o tempo atribuído		
run through		verificar, explicar	Could you just run through the details again? I'm not sure I understand.	
run through		revisar os principais pontos de algo por completo	The crew ran through the preflight procedures. 	
run through		empalar ou esfaquear a pessoa inteira	I went to stop the thief, but he ran me through with a saber.	
run through		ensaiar sem parar	The director ran the cast through the last act three times.	
run through		usar algo até esgotar	She ran through all of her money in five days.	
run to		atingir uma quantidade ou número	The cost of the Olympic building programme now runs to over 5 billion.	
run to		ter dinheiro suficiente	I don't think we can run to a holiday abroad this year.	
run up		acumular dívidas; aumentar o preço	I ran up a lot of credit card debts.	Eu acumulei muitas dívidas no cartão de crédito.
run up		permitir que uma dívida ou conta se acumule	he ran up debts of 153,000	ele acumulou dívidas de $153.000
run up		fazer algo rápido ou apressadamente, especialmente uma peça de roupa	I'll run up a dress for you	Vou arranjar um vestido para ti
run up		deixar uma conta ir crescendo sem pagá-la	I ran up a huge telephone bill at the hotel.	
run up against		encontrar um problema	We've run up against a slight problem.	
see off		ir para uma estação com alguém para dizer adeus	Anna is coming with me to the airport to see me off.	
see off		ir para uma estação, aeroporto para dizer adeus	I went to the station to see them off.	
see through		entender de forma desonesta, fingir	He pretended to be busy, but I saw through his deception at once.	
see through		perceber a verdade sobre algo	I saw through his intentions at once.	
see to		lidar com	The fridge has broken down, but someone is coming to see to it tomorrow.	
send up		se divertir imitando os outros	Jean is always sending up the French teacher.	
set about		começar a fazer algo	We know what we have to do, but we're not sure how to set about it.	
set about		começar a trabalhar	We must set about re-organising the office.	
set back		atraso, obstrução		
set in		quando algo desagradável começa e irá provavelmente continuar	It looks as if the rain has set in for the day!	Parece que a chuva começou e vai continuar hoje!
set in		se estabelecer	I think this rain has set in for the day.	
set off		deixar um lugar, partir, iniciar uma jornada ou passeio		
set on		atacar	We were set on by a gang of hooligans.	
set out		explicar em detalhes	This document sets out exactly how much you have to pay, and when.	
set out		intentar, pretender, cogitar	The court heard that the two men deliberately set out to deceive customers.	
set out		dar detalhes por escrito	This document sets out all the Union demands.	
set out		organizar	I've set out the refreshments in the hall.	
set out		iniciar uma ação	Sue set out to write a biography but it became a novel.	
set out		plantar alguma plantar	They set out seeds last year, and now the field is full of flowers. 	
set out		fazer algo explícito, especialmente uma ideia ou plano	 In her speech, she set out a plan for her second term in office.	
set out		sair, partir, deixar um lugar		
set up		estabelecer, organizar	The police have set up an inquiry into the complaints.	
set up		estabelecer	An inquiry into the accident has been set up.	Foi instaurado inquérito sobre o acidente.
set up		organizar, acomodar, preparar		
set upon		atacar	The security guards were set upon by three armed men.	
set upon		atacar	We were set upon by a gang of hooligans.	
settle down		acomodar-se; criar uma rotina	It took me 2 months to settle everything down after moving.	Eu levei dois meses para me acomodar depois da mudança.
shake off		se livrar	I can't seem to shake off this flu. I've had it for ten days.	
sink in		ser entendido, entender	I had to read the letter several times before the news finally sank in.	
sink in		perceber lentamente	Slowly the realisation that I had won began to sink in.	
slip up		cometer um erro	I think someone has slipped up. These are not the books I ordered.	
slip up		cometer um erro	Someone slipped up and my application was lost.	
sort out		fazer algo para resolver um problema	I'm sorry about the mistake. We'll sort it out as soon as we can.	
sort out		encontrar uma solução	Don't worry, Mary will sort out your problems.	
spring up		aparecer repentinamente		
stand by		manter um acordo	The leader of the party said they would stand by the agreement they made last year.	
stand by		manter um acordo	The company agreed to stand by its original commitment.	
stand by		manter-se leal ou fiel		
stand for		significar; apoiar uma causa ou ideia	Everybody should stand for democracy.	Todo mundo deveria apoiar a democracia.
stand for		representar	In this sentence, i.e. stands for id est, the Latin for 'that is'.	
stand for		tolerar	I won't stand for any more shouting and swearing!	
stand for		representar, iniciais	E.g. stands for exempli gratia, it's Latin.	
stand for		tolerar	I will not stand for this kind of behaviour in my house!	
stand for		tolerar		
stand in for		tomar o lugar de	As Mr Davis is in hospital, Jill Cope will be standing in for him for the next two weeks.	
stand in for		ocupar o lugar de	Carol has kindly agreed to stand in for Graham at the monthly meeting.	
stand up		levantar-se	Stand up and help me put these things in the box.	Levante e me ajude a colocar essas coisas na caixa.
stand up to		resistir, suportar estresse	The engine won't stand up to the strain.	
step down		demitir-se, renunciar	At the end of this month, Helen will be stepping down as union representative.	
step down		demitir-se, renunciar, desistir, ceder	The Chairman has stepped down after criticism from shareholders.	O presidente deixou o cargo após críticas dos acionistas.
step up		aumentar	The report has stepped up the pressure on the director to resign.	
step up		aumentar	Production at the Leeds plant has been stepped up.	
stick up for		defender	Don't just say nothing! Stick up for yourself!	
stick up for		defender-se, defender seus direitos	You must learn to stick up for yourself.	
sum up		dar um resumo	Let me sum up by repeating the main points.	
sum up		exibir o que algo parece	I think that what he has done sums up his behaviour in general.	
take aback		surpresa ou choque, desconforto		
take after		puxar, assemelhar-se a parente	He takes after his father in looks.	Ele se parece com o pai, na aparência.
take apart		desmontar	She had taken the whole bike apart.	Ela tinha desmontado a bicicleta inteira.
take aside		tomar alguém a sós para conversar		
take away		levar embora; tirar, levar para viagem	he ordered a coffee to take away	ele solicitou um café para levar
take away		subtrair ou diminuir algo		
take back		devolver item comprado; aceitar alguém de volta relacionamento, emprego	I took it back and got a refund.	Eu devolvi e consegui um reembolso.
take back		retirar o que disse	I take back what I said about Susan - she's really nice.	Eu retiro o que disse sobre a Susan - ela é muito legal.
take back		retratar uma declaração anterior		
take down		derrubar; desmontar	They were taking down the circus tent.	Eles estavam desmontando a tenda do circo.
take down		anotar	She took down my name and address.	Ela anotou meu nome e meu endereço.
take down		remover algo do gancho, de onde estava pendurado		
take in		compreender, captar, entender	It was hard to take in all the details.	Foi difícil compreender todos os detalhes.
take in		absorver	Plants take in sunlight through their leaves.	Plantas absorvem a luz do sol através de suas folhas.
take in		levar para casa	He's always taking in stray cats.	Ele vive levando gatos de rua para casa.
take in		ser enganado	I was completely taken in by his charm.	Fui completamente enganada por seu charme.
take in		enganar	He took me in at first, but then I realized what he was really like.	
take in		enganar	Don't be taken in by her apparent shyness.	Não se deixe levar pela aparente timidez dela.
take it out on		fazer um outro sofrer por causa do teu sofrimento	I know you are unhappy, but don't take it out on me!	
take off		tirar roupa, sapato; decolar	she took off her cardigan	ela tirou o casaco
take off		decolar	The plane took off at 8.30 a.m.	O avião decolou às 8h30.
take off		tirar uma peça de roupa	Take off your jacket.	Tire sua jaqueta.
take off		não ir trabalhar	I'm taking a week off in June.	Não vou trabalhar por uma semana em junho.
take off		imitar	Jack can take off all the teachers really well.	
take off		imitar	Dave takes off the Prime Minister really well.	
take off		remover		
take off		partir		
take on		contratar	he took me on as an apprentice	ele me contratou como um aprendiz
take on		enfrentar	Are you sure you want to take this project on?	Tem certeza que quer enfrentar este projeto?
take on		encarregar-se	a grandmother who has taken on the care of her grandchild	uma avó que foi encarregada de cuidar de seus netos
take on		adquirir uma característica particular	Her words have taken on a different meaning since the accident.	
take on		fazer trabalho extra	Pat has taken on too much work and is exhausted.	
take on		adquirir uma nova característica	My grandmother has taken on a new lease of life since her operation.	Minha avó ganhou um novo sopro de vida desde a operação.
take on		fazer algo extra	She has taken on too much with a full-time job as well.	
take out		tirar; deixar de lado; sacar dinheiro; levar alguém para sair	My parents took me out for dinner.	Meus pais me levaram para jantar.
take out		tirar de dentro de algo; levar para sair	Come on, I'm taking you out tonight.	Vamos, vou te levar para sair hoje.
take out		levar a comida para viagem	Is that to eat here or take out?	É para comer aqui ou para levar?
take out		descontar em alguém	I know you had a bad day, but don't take it out on the kids.	Eu sei que você teve um dia ruim, mas não desconte nas crianças.
take out		seguro, assinar um contrato de seguro	Ann has taken out life insurance.	
take out		remover		
take out on		descontar em alguém	Every time she's angry, she takes out on me.	Toda vez que ela está com raiva, desconta em mim.
take over		assumir o controle de algo	The new president takes over in September.	O novo presidente assume em setembro.
take over		tomar controle de	A small group of determined men took over the country.	
take over		ganhar controle de	The army tried to take over the country.	
take over		adotar uma responsabilidade ou dever		
take through		explicar algo		
take to		aprender a gostar, começar a gostar	My mother took to Sarah as soon as they met.	
take to		desenvolver um gosto por	You'll soon take to your new boss, I'm sure.	
take to		desenvolver atração ou carinho por algo	I'm so happy that my parents have taken to my new girlfriend.	
take to		começar a fazer algo por hábito, costume, hobby, passatempo, ou por prática constante	I've been taking to cycling to work as a way of getting a bit more exercise.	
take to doing		desenvolver um hábito	Sam has taken to wearing his grandfather's old suits.	
take up		ocupar tempo	The meeting took up a whole morning.	
take up		escolher		
talk into		persuadir	I didn't want to buy the car, but the salesman talked me into it.	
talk into		dissuadir de, convencer de, persuadir	Paul talked me into going skiing, against my better judgement.	
talk out of		persuadir	I didn't want to buy the car, but the salesman talked me out of it.	
talk out of		dissuadir de, convencer de, persuadir	Paul talked me out of going skiing, against my better judgement.	
tell off		criticar ferozmente	Ted's teacher told him off for being late.	
tell off		repreender	Our teacher told us off for being late.	
think over		considerar algo cuidadosamente		
throw away		jogar fora	Don't throw my things away.	Não jogue minhas coisas fora.
throw away		jogar algo fora	She threw the broken toy away.	Ela jogou fora o brinquedo quebrado
throw away		gastar, desperdiçar		
throw out		descartar, dispensar		
throw up		vomitar	The boys got drunk and threw up in the living room.	Os meninos ficaram bêbados e vomitaram na sala.
throw up		produzir novos problemas ou novas ideias	The meeting threw up some interesting ideas.	A reunião trouxe algumas ideias interessantes.
throw up		vomitar		
tie down to		forçar a fazer ou dizer algo em definitivo	Anna says she will visit us, but I can't tie her down to a date.	
tie in with		estar de acordo com	I'm afraid your party doesn't quite tie in with our arrangements.	Receio que sua festa não esteja de acordo com nossos preparativos.
track down		encontrar após uma longa pesquisa	The police finally tracked the robbers down in South America.	
track down		rastrear o paradeiro de	The police tracked down the killer and arrested him.	
try on		colocar roupas para ver se servem, experimentar roupa		
try out		testar para ver se funciona	They tried out the new drug on animals before using it on humans.	
try out		testar uma máquina	Let's try out the new washing machine.	
turn down		rejeitar, recusar	She turned down the job.	Ela recusou o emprego.
turn down		diminuir; abaixar	hey turned down the stereo.	Eles diminuíram o som.
turn down		rejeitar	The council has turned down our application for planning permission.	
turn down		rejeitar uma oferta	Another company offered me a job but I turned them down.	
turn down		rejeitar, recusar		
turn into		tornar-se	Caterpillars turn into butterflies.	Lagartas se tornam borboletas.
turn off		desligar um aparelho; desanimar alguém	Please turn off the radio.	Por favor desligue o rádio.
turn off		desligar	Turn the music off for a minute.	Desligue a música por um minuto.
turn off		desmotivar	His comments against women really turned me off.	Seus comentários contra as mulheres realmente me desmotivaram.
turn off		saída	I think we missed the turn-off.	Acho que perdemos a saída.
turn off		algo brochante, balde de água fria	His dirty clothes were a real turn-off.	Suas roupas sujas eram algo brochante.
turn on		ligar um aparelho; excitar-se; animar-se	My kids turn on when they see the sea.	Meus filhos se animam quando veem o mar.
turn on		estímulo	The smell of flowers on a field is a real turn-on.	O cheiro de flores em um campo é realmente excitante.
turn on		ligar, abrir água, gás; acender luz	Turn the music on.	Ligue a música.
turn on		estimular,excitar	He knows how to turn a woman on.	Ele sabe como excitar uma mulher.
turn on		voltar-se contra	I don't understand how he can turn on his friends like that.	Não entendo como ele se voltou contra os amigos daquele jeito.
turn on		começar a operar, ligar a força		
turn out		terminar, resultar	She has gone through a tough time, but everything turned out fine.	Ela passou por um período difícil, mas tudo terminou bem.
turn out		acontecer de ser no final	He turned out to be an old friend of Helen's.	
turn out		chegar a um encontro ou reunião ou formar uma multidão	Thousands of fans turned out to welcome the team.	
turn out that		ter um resultado específico, especialmente um que você não esperava	It turned out that I was wrong.	
turn out to		acontecer de ser no final das contas	The girl in red turned out to be Maria's sister.	
turn over		virar o corpo	Turn over onto your back.	Vire-se de costas.
turn over		virar a face de algo	Turn the burgers over.	Vire os hambúrgueres.
turn over		mudar de canal	It was too scary to watch so we turned over.	Era muito assustador de assistir, então mudamos de canal.
turn over		virar o oposto, girar de cima para baixo		
turn round		rodar, girar a volta do centro		
turn up		aumentar volume, música, calor	Turn up the heat/volume.	Aumente o aquecimento/volume.
turn up		chegar	She turned up late again.	Ela chegou atrasada de novo.
turn up		aparecer inesperadamente, surgir uma oportunidade	I'm sure a job will turn up soon.	Tenho certeza que logo vai aparecer um trabalho.
turn up		chegar ou ser descoberto por acaso	Guess who turned up at our party? Your old friend Martin!	
turn up		ser descoberto por acaso	Don't worry about that missing book, it's bound to turn up sooner or later.	
turn up		chegar inesperadamente	Not many people turned up for the lesson.	
walk away		retirar de uma situação problemática		
wash out		remover algo lavando		
wear off		perder o efeito	When the drugs begin to wear off, you may feel some pain.	
wear off		perder o efeito, especialmente uma droga	These painkillers wear off after about two hours.	
work out		exercitar-se, malhar	They've been working out everyday in order to lose weight.	Eles têm se exercitado todos os dias para perder peso.
work out		calcular, resolver, trabalhar	I can't work out the answer to this maths problem.	Não consigo descobrir a resposta para esse problema de matemática.
work out		encontrar uma solução, resolver	Don't worry about the money you owe. We'll work something out.	Não se preocupe com o dinheiro que você deve. Nós vamos resolver alguma coisa.
work out		lidar com um problema, ter sucesso, ter um final feliz	I'm sure that everything will work out fine in the end.	
work out		dar um resultado, funcionar	I never planned to become a lawyer, that's just how it worked out.	Eu nunca planejei me tornar um advogado, é assim que funcionou.
work out		resultar num total	The hotel bill worked out at over 500.	A conta do hotel totalizou a mais de 500.
work out		acumular um total	After all the taxes and fees, your bill works out to $350.	Depois de todos os impostos e taxas, a sua conta totalizou em 350.
work out		trabalhar numa solução, resolver algo	I think we can work out a solution to this problem.	Acho que podemos trabalhar numa solução para este problema.
work out		realizar algo por trabalho ou esforço	The mathematician worked out the answer over several days.	O matemático elaborou a resposta durante dias severos.
work out		encontrar uma solução	They hoped to work out their personal differences	Eles esperavam resolver suas diferenças pessoais.
work out		provar ser sucedido ou efetivo	I wonder if their marriage will work out.	Me pergunto se o casamento deles será bem sucedido.
work out		exaurir recursos, usar tudo, consumir tudo de uma mina	This mine has been completely worked out.	Esta mina foi completamente trabalhada.
